Dataset,Accuracy,Precision,Recall,F1-Score,ROC AUC
Training,0.9760551948051948,0.9703730978842586,0.9760551948051948,0.9728578105248991,0.8300400408559181
Validation,0.8977272727272727,0.8982081317375433,0.8977272727272727,0.8959370906311179,0.8002734970334929
Test,0.5654205607476636,0.6000203975671264,0.5654205607476636,0.5531836399761186,0.5654205607476636
